<?xml version="1.0" encoding="UTF-8"?>
<?xml-stylesheet type="text/css" href="about.css" ?>
<notes>
<heading1>
 About Us 
 </heading1>

<body>

<paragraph1>Castle Interiors is a process of shaping the experience of interior space, by subtle manipulation of spatial volume and surface treatment. There are several ways to style your home, office, retail, malls and work spaces.</paragraph1>

<paragraph1>However, the key to smart interior design is to draw on diverse aspects of environmental psychology, architecture, product design and purpose in addition to the elements of decoration and clubbing it with desire, aspiration and vision of the client to create spaces he loves to inhabit and draw positive energy from it.</paragraph1>

<paragraph1>It requires an element of passion, an eye for beauty and aesthetics, vivid imagination, knowledge and experience, updated information on new products, methods and applications that are constantly evolving in a highly dynamic building material industry. The ability of interior spaces to create positive changes in people's lives is prioritized at Castle Interiors.</paragraph1>
<heading2> Quality of Life </heading2>
<paragraph1>In addition to the functional and aesthetic benefits derived from well designed spaces, interior design also contributes to quality of life and well being.</paragraph1>

<paragraph1>Several case studies illustrate the many ways in which interior design can be employed to address specific physical, psychological, social and economic needs, thus meeting both practical and strategic requirements of clients and occupants.</paragraph1>

<heading2> Services </heading2>

<paragraph1> Professionals at HHD study the architectural plans of the site and conceptualize the diverse themes and schemes that can transform the site as per the needs, wants and desires of the clients, documented and derived from the minutes of the preliminary meetings with them.</paragraph1>
<paragraph1>These concepts are then visualized through rendered graphics and the same is presented to the clients with rough estimates of costs.</paragraph1>

</body>
</notes>